Phase1_step1,Phase1_step2,Phase1_step3,Phase1_step4,Phase1_step5,Phase1_step6,Phase1_step7,Phase2
0.001748628,0.0016390766,0.0015954028,0.0015689281,0.0015322923,0.0015593743,0.0015097649,0.0015527853
