Phase1_step1,Phase1_step2,Phase1_step3,Phase1_step4,Phase1_step5,Phase1_step6,Phase1_step7,Phase2
0.03766104,0.034433182,0.032108534,0.03685609,0.037804544,0.038170017,0.08096669,0.070286475
