Phase1_step1,Phase1_step2,Phase1_step3,Phase1_step4,Phase1_step5,Phase1_step6,Phase1_step7,Phase2
0.044975415,0.044253,0.04320487,0.045043018,0.046317395,0.046211716,0.049716722,0.052818798
